[{"model": "auth.user", "pk": 1, "fields": {"password": "pbkdf2_sha256$260000$RAh0JHjKpzC7gqoEvaH0FI$3U2rIsXJ1QEd0R/pzm1Cmnb3ODuA6cJ1hehUxhe66nw=", "last_login": "2021-05-28T14:08:27.005Z", "is_superuser": true, "username": "manub7", "first_name": "Emanuel", "last_name": "Blaga", "email": "manub7@yahoo.com", "is_staff": true, "is_active": true, "date_joined": "2021-04-07T19:35:14Z", "groups": [], "user_permissions": []}}, {"model": "auth.user", "pk": 2, "fields": {"password": "pbkdf2_sha256$260000$vrS71YqSLPc0qpTdlovyhM$+jH9Rar56aZSsi8z3KCuGEr9y9TCvoTB1FtOBSEIel0=", "last_login": "2021-05-27T13:03:14.634Z", "is_superuser": false, "username": "ablaga7", "first_name": "", "last_name": "", "email": "ablaga7@yahoo.com", "is_staff": false, "is_active": true, "date_joined": "2021-05-16T10:20:11.036Z", "groups": [], "user_permissions": []}}, {"model": "sessions.session", "pk": "0e6zzrdu3txcuiiuwbfdubn1egkz2rjg", "fields": {"session_data": "e30:1liE2E:cH1lVhioM-GaKWDz5oSdG-AOKAS6oYExfRXCLd1JS5U", "expire_date": "2021-05-30T10:30:10.092Z"}}, {"model": "sessions.session", "pk": "0uahe01paiyn9q7gk1fpgr8mlo7xpw0o", "fields": {"session_data": "e30:1llG83:9Nj82rk0vtZM14dlQMyPVf4_-0fmGmQN5UuuS69eZ40", "expire_date": "2021-06-07T19:20:43.351Z"}}, {"model": "sessions.session", "pk": "1sxmz5hfd0kno8ue5fjm7kzmoh8flxb6", "fields": {"session_data": "e30:1liDoC:eDFl92QMArrW5GdO4LkinMkjeU7ob_xBG3QtYZLKKHQ", "expire_date": "2021-05-30T10:15:40.138Z"}}, {"model": "sessions.session", "pk": "5b03e3bb2hgc5iqujja6bqp6axb911r1", "fields": {"session_data": ".eJxVjUEOgjAQRe_StSEFOrWw04s0wzATGkkxtCQa490thoUu_39_3ryUxy1Pfku8-jCqXjXq9NsNSDeOO8B53usKiZYt5uq7OXCqLiVxzIEwhyVej6s_1YRpKp7OGmHtrObaStfW1FlwAIZEg8CoqWlZqGESrOnMhQ_jwA4NSAngdmnilMobz497WJ-q1-8Py5tEUw:1lk7DK:tFl1-uYMN3yldNwwrJdsmXAJPePmA3ZCDGt-27kVjT8", "expire_date": "2021-06-04T15:37:26.424Z"}}, {"model": "sessions.session", "pk": "64mzkbs07yj7y86puu6270egi48sjtw0", "fields": {"session_data": ".eJxVjUEOwiAQRe_C2jTQoVC604uQYYSU2FBTINEY7y41Xejyvz_z_otZrGW2NfvNxiubmGCnX-aQbj7tBS7LjjskWmsq3ffmqHN3bsmnEglLXNPl-PpTzZjn5gHyXnMDSmvSIZhRaAO9IxSoGuPD0IOWvSZuDAZQIKQKJJ1zo4DRyF2afc5txvrHPW5PNvH3B4eWQn4:1lmFlF:26AjdPLDqV1SPyhJ9hsw68g6PVOht2OVxCTvvKj8m2A", "expire_date": "2021-06-10T13:09:17.502Z"}}, {"model": "sessions.session", "pk": "6kauo4fcsmskoi5nv6uqmhqp5vu8g4mt", "fields": {"session_data": "e30:1llG5s:jwupctyClEEGixyGb9Z_Vf5hEGJ2EULfGxFX4lB2lqk", "expire_date": "2021-06-07T19:18:28.795Z"}}, {"model": "sessions.session", "pk": "6n12l3110dxgf3azl64eef7314nzwi9d", "fields": {"session_data": "e30:1liE4m:xW7YGh0Asw7RMB1dhYyY9hpWWLq6mdkM5sSvnN0sl4Y", "expire_date": "2021-05-30T10:32:48.236Z"}}, {"model": "sessions.session", "pk": "6wrlevyixvny3pzywqe3us97nao42j28", "fields": {"session_data": "e30:1llG8e:ieU5ImqBei3YWYMJ1MTwg-I1FFTzO7R4fIK6bOTb5V4", "expire_date": "2021-06-07T19:21:20.241Z"}}, {"model": "sessions.session", "pk": "77kpty98dwg1h4rlgc3sqci4rm2n993y", "fields": {"session_data": "e30:1licoo:8twrCvC6sPLawaePCnDttrzSLxCe9lOCitWW_mdCrEA", "expire_date": "2021-05-31T12:57:58.161Z"}}, {"model": "sessions.session", "pk": "8o3jehr3pbc2xtaci330o8ulbvhk02dt", "fields": {"session_data": "e30:1lgskD:pT21WsdjLlnHMjoHcymAMgJ3c8KuX0nlGRyMTUJQFM4", "expire_date": "2021-05-26T17:34:01.575Z"}}, {"model": "sessions.session", "pk": "8xwmzqp4v5eu50mr3bhk2c2o38jt20o4", "fields": {"session_data": "e30:1lgtC2:gqHDTgpqOU9y39_0-gspcOa_3F8oZGDIabCxhzXT9Js", "expire_date": "2021-05-26T18:02:46.563Z"}}, {"model": "sessions.session", "pk": "994fu064izcx90jkaqjfgquw0v64yth7", "fields": {"session_data": ".eJxVjEEOwiAQRe_C2hDoUAZcuu8ZyDCArRqalHZlvLtt0oVu33v_v0WgbR3D1vISpiSuQovLL4vEz1wPkR5U77Pkua7LFOWRyNM2Ocwpv25n-3cwUhv3NXDOqDxYRMZSvNPooYtMmuzOVN93gKZDVt5TAQva2MImxug0OG_E5wvEMDbN:1lgD4b:fayfOBrqQutNhC6EGZx-obIS_bPTYO-zKFTFmtcoVeg", "expire_date": "2021-05-24T21:04:17.001Z"}}, {"model": "sessions.session", "pk": "b15awfi2ou0n0is0xjjwge4hxro2oem1", "fields": {"session_data": "e30:1lhyh4:PpZ-GmXu8eWco0B-ZYPIFIubkz_0Ehp-iLjfWkXUi1U", "expire_date": "2021-05-29T18:07:18.722Z"}}, {"model": "sessions.session", "pk": "b7lzhdjtmad0pjxaeg9y41f9vt63n9hd", "fields": {"session_data": "e30:1lhzrN:xD77ql9JDK81j3hqR3qW0ETamKyV2HYzZaDIeLuUCus", "expire_date": "2021-05-29T19:22:01.351Z"}}, {"model": "sessions.session", "pk": "ba1dhtu79fep10ysqijukivl9n9vwrc6", "fields": {"session_data": "eyJhY2NvdW50X3ZlcmlmaWVkX2VtYWlsIjpudWxsLCJhY2NvdW50X3VzZXIiOiIyIn0:1liDxG:g7mKHJaVWwO0JdaHrPSpauTSIgFq2yh5XQG5004zjyc", "expire_date": "2021-05-30T10:25:02.124Z"}}, {"model": "sessions.session", "pk": "c3hdiqbezxxqzi66x6qr1w0yucy2asq7", "fields": {"session_data": ".eJxVjMEOwiAQBf-FsyHQpWzp0bvfQGALFjXQlDbRGP_dNulBrzPz3ptZty6jXWuYbRpYzyQ7_TLv6B7yLoaby9fCqeRlTp7vCT9s5ZcyhMf5aP8ORlfHbQ0UAgoDGpEwRtNJNNB4ctLpjYm2bQBVgySMcRE0SKUjKe99J6Ezaj-todZUsg3PKc0v1ovPF1aKPgo:1ln5vD:Xh1UgDpkYtvX0u_wRz_xM2WiSiqBpppzzCBKmPn6mVM", "expire_date": "2021-06-12T20:51:03.940Z"}}, {"model": "sessions.session", "pk": "cfwmgb60z0cbvdbgl22w6vuanyo57drr", "fields": {"session_data": ".eJxVjEEOwiAQRe_C2hDoUAZcuu8ZyDCArRqalHZlvLtt0oVu33v_v0WgbR3D1vISpiSuQovLL4vEz1wPkR5U77Pkua7LFOWRyNM2Ocwpv25n-3cwUhv3NXDOqDxYRMZSvNPooYtMmuzOVN93gKZDVt5TAQva2MImxug0OG_E5wvEMDbN:1lfS4Y:VkD4jkgJo0IvEEnSH8jv6jBg4ZnFXQInDj9BVN1jpT0", "expire_date": "2021-05-22T18:53:06.165Z"}}, {"model": "sessions.session", "pk": "cmuc40z5skeo0gditckzo73x2mqzxzxt", "fields": {"session_data": ".eJwVjVEOgyAQRO-y38aU4lb0MsbAApu0YgFtWuPdu_7NvMnMHOCocFimTO-NSoXxADtXCil_YQQFDSzzi0QGH6Lz4j_sahTQIXbYCYjEIUoTEO8P8bJoM6-V0yLQeanF4kKZJSv8k7Fe9xpRtcpoHHSPDayZ7fWihuFmsDUGLpZ2djSVtGVLk-cnFRhr3ug8_89mOXA:1licj2:XO38vjMX_Uhjijp2-2AdL8fgQZ2NV17SCUT8ArwXMPA", "expire_date": "2021-05-31T12:52:00.369Z"}}, {"model": "sessions.session", "pk": "egkgg97fvcmneq9bmitl1b70g3pkanw2", "fields": {"session_data": ".eJxVjMEOgyAQBf-FszEgCOKx934DWXCptAYaV5s2Tf-9mnhorzPz3ps5WJfRrYSzSwPrmWDVL_MQbph3MVwhX0odSl7m5Os9qQ9L9bkMOJ2O9u9gBBq3tQyIhlupjQkmRtsJY2XjAwjQG-Nt20ijGhO4tRCllkLpGJT3vhOys2o_JSRKJTt83tP8Yj2vGMEDXcqxsD7CRPj5AuuZRHk:1lle1S:i9axA9FlkkGM4qhXaLtuV0MuOZ71EnzGbQtryVlfv50", "expire_date": "2021-06-08T20:51:30.057Z"}}, {"model": "sessions.session", "pk": "elivzp737vwvs8obowzajeli91ijxeyj", "fields": {"session_data": "e30:1llG8l:-76HEd-TfJdvSAveEnxza0r7kCDjvu0tgbgbbu-yd_Y", "expire_date": "2021-06-07T19:21:27.370Z"}}, {"model": "sessions.session", "pk": "fuahzhca1w3zpm3a53irec2xk633j2b7", "fields": {"session_data": "e30:1lhzj9:2woThSHtJ5pPSqnR68SKQXuS48oaaUp107lTWFGWNuU", "expire_date": "2021-05-29T19:13:31.309Z"}}, {"model": "sessions.session", "pk": "gc6z1w1yf6wbz2e2hhc0kqdb75z2tx0i", "fields": {"session_data": "e30:1lhyeQ:ib8bgNcDgsCOyYsmVKqCsrqocpJIlIXRIR_l22NOXL4", "expire_date": "2021-05-29T18:04:34.498Z"}}, {"model": "sessions.session", "pk": "h0ubjj4dr7e444gh0ypxwbp194w7o9mw", "fields": {"session_data": "e30:1lhyfk:8a9Ij1iICfQeCSuO0IIWJthFiklvg-mPNSSH5CZNMtw", "expire_date": "2021-05-29T18:05:56.473Z"}}, {"model": "sessions.session", "pk": "huf5siltencu0cczyf1tpzrj0afaczbv", "fields": {"session_data": "e30:1licoQ:v0LfYWRolbZZViIvf3CJlb5mn0jTsjUClpEElPDGYys", "expire_date": "2021-05-31T12:57:34.674Z"}}, {"model": "sessions.session", "pk": "l1w5ggth1m4vo69p501a058plr2btyea", "fields": {"session_data": "e30:1llG8d:uvHeU_NO5qxltKyhvQDYa4y82xxQVFqLegkMO4MGDoY", "expire_date": "2021-06-07T19:21:19.929Z"}}, {"model": "sessions.session", "pk": "l84nv8fxqz4szrxny1hb8i7xa5o2dokf", "fields": {"session_data": "e30:1lgsn1:NLZzLu3oNmOUoT08NRb65uD_-VYzo2v4PnkoPazAZws", "expire_date": "2021-05-26T17:36:55.836Z"}}, {"model": "sessions.session", "pk": "lm2cv5qbdwtcqefmod6hqckoplgxui9x", "fields": {"session_data": "e30:1lhznQ:pd7tab2MVZezSmKM8vYHrbGdmFs9Ls18MMHpKc92qs0", "expire_date": "2021-05-29T19:17:56.506Z"}}, {"model": "sessions.session", "pk": "lxoz97u6bhfakalcgi1rnerbnrnpku0g", "fields": {"session_data": "e30:1lgshc:mCDQ_eHs1E6_ZcZLOk_HuAwz2F8no940ZIy0aosmGZg", "expire_date": "2021-05-26T17:31:20.589Z"}}, {"model": "sessions.session", "pk": "miz3y01vom5oyu7hpxl73yril7op3s76", "fields": {"session_data": "e30:1lgsiD:qbaARkBcNLBwMSjjkChIBX-ROnDekUhsoVKevey-p4o", "expire_date": "2021-05-26T17:31:57.390Z"}}, {"model": "sessions.session", "pk": "najkje6q0klov7dy8gxm85k42x5wi3br", "fields": {"session_data": "e30:1lgsow:5H-NubROMVB7eZeUgspSlviS5VQx7_tngdrJ4daJYNY", "expire_date": "2021-05-26T17:38:54.188Z"}}, {"model": "sessions.session", "pk": "ne2wftf1w3bgbwo9bg9muvx2l4fz54f1", "fields": {"session_data": ".eJzVkclOwzAURX8l8rqK4kxuuixFbEBsWLCzHPulMSR-xQODqv47dlVEofwA2_NObnSv94SL4EceHFiuFVkRShbnrBfyGUw6qCdhtphLNN7qPk9Kfrq6_A4VTOuT-yNgFG6MX1cSgBVd1TIm2TB0S8q6quyloKKNrGiasmJ1yWTRdWKo2orW7SDrvu-XtFp2dQx14hW4NgOSlbcBFkSB01vDLbwEcJ47cE6jIas9GbSNwIgZ4q-vZ2ECTDFhEt_0AVChjXA3ogFuwtyDjbxgjNW0bliZlnDeAngulLIxnaYizQUujzjboMnW6CRmVxM6iJrHN8PRcqn9R3Tu3we0aR6JwZwRN2qb9B06L-OQ6fBYZ-Xt5su1Sb5Zk8NF6fRmg5hcnCNGzVwJL44LhGn6NUD2Lyv_2ZhQWpLD4RPIG-ct:1lm1MX:epQsbJE3bNtlvlElCbrKkvQtyt0TfsLBWeMGxHh7X1I", "expire_date": "2021-06-09T21:46:49.323Z"}}, {"model": "sessions.session", "pk": "t0yeyiadjaoglqngorjqe4f8cjli15tj", "fields": {"session_data": "e30:1lgtAv:bul63r4b9vspvDsVJorol_0lAxjnl5S01kn0zJnbLE8", "expire_date": "2021-05-26T18:01:37.755Z"}}, {"model": "sessions.session", "pk": "vlr59rua16206mm6zfxiwp8wtv9iqh65", "fields": {"session_data": "e30:1lgtAc:baEcVr-aTg3_2IIc_gV_Oh0mikw3pO2GLN3EDDuW1Ns", "expire_date": "2021-05-26T18:01:18.796Z"}}, {"model": "sessions.session", "pk": "vp31unrqbwssicv78dfycilu9ny7ixmj", "fields": {"session_data": "e30:1lhzqS:mi-9OGBPFMspIBQkfk2jtUBddAf-NalKzsmaCrNAI8A", "expire_date": "2021-05-29T19:21:04.522Z"}}, {"model": "sessions.session", "pk": "xnhryzh9dfi25e8iosjekx50mokz6ick", "fields": {"session_data": ".eJxVjEEOwiAQRe_C2hDoUAZcuu8ZyDCArRqalHZlvLtt0oVu33v_v0WgbR3D1vISpiSuQovLL4vEz1wPkR5U77Pkua7LFOWRyNM2Ocwpv25n-3cwUhv3NXDOqDxYRMZSvNPooYtMmuzOVN93gKZDVt5TAQva2MImxug0OG_E5wvEMDbN:1lUECO:L34B-j9QAEoVLatfk1j7LhKEAQ5YlN574936ie8O0Gc", "expire_date": "2021-04-21T19:50:48.239Z"}}, {"model": "sessions.session", "pk": "xw2s8ynci8xch1iheu0m2a6ov3etzrb3", "fields": {"session_data": "e30:1liDzI:mXR8EB6t9hcsd1VhJJfsqYaJMyAd75PRTscw5VRSdyI", "expire_date": "2021-05-30T10:27:08.859Z"}}, {"model": "sessions.session", "pk": "ycan13fsl31y2pyjhejnlidavxwgrf9e", "fields": {"session_data": "e30:1llG3u:978RWm122CcYzG0dFfbIYNpYvZsTTcH63rGHZ8dgVZQ", "expire_date": "2021-06-07T19:16:26.527Z"}}, {"model": "sites.site", "pk": 1, "fields": {"domain": "graphic_design_freelance.example.com", "name": "Graphic Design Freelance"}}, {"model": "account.emailaddress", "pk": 1, "fields": {"user": 1, "email": "manub7@yahoo.com", "verified": true, "primary": true}}, {"model": "account.emailaddress", "pk": 2, "fields": {"user": 2, "email": "ablaga7@yahoo.com", "verified": true, "primary": true}}, {"model": "products.category", "pk": 1, "fields": {"name": "Icon"}}, {"model": "products.category", "pk": 2, "fields": {"name": "Logo"}}, {"model": "products.category", "pk": 3, "fields": {"name": "Poster"}}, {"model": "products.product", "pk": 1, "fields": {"category": 3, "sku": "pp5001340155", "name": "Sunset", "description": "Beautiful sunset in the park, photo taken in one of the beauty spots", "height": "1080", "width": "1920", "size": "2025", "price": "53.99", "image_url": "media/design_work-1.jpg", "image": "design_work-1.jpg"}}, {"model": "products.product", "pk": 2, "fields": {"category": 3, "sku": "pp5001340155", "name": "Fantasy forest", "description": "Beautiful fantasy forest poster found only in our imagination", "height": "1080", "width": "1920", "size": "2025", "price": "53.99", "image_url": "media/design_work-2.jpg", "image": "design_work-2.jpg"}}, {"model": "products.product", "pk": 3, "fields": {"category": 2, "sku": "pp5001340156", "name": "Nike Logo", "description": "Nike logo project created for one of our sports gear manufacturer", "height": "1080", "width": "1080", "size": "1139", "price": "31.15", "image_url": "media/design_work-3.jpg", "image": "design_work-3.jpg"}}, {"model": "products.product", "pk": 4, "fields": {"category": 3, "sku": "pp5001340157", "name": "Malten Lava", "description": "Malten lava effect poster", "height": "1080", "width": "1590", "size": "1676", "price": "44.68", "image_url": "media/design_work-4.jpg", "image": "design_work-4.jpg"}}, {"model": "products.product", "pk": 5, "fields": {"category": 1, "sku": "pp5001340158", "name": "Social network", "description": "Social network icon representing people comunicating love ", "height": "3363", "width": "5054", "size": "16598", "price": "448.14", "image_url": "media/icon-1.jpeg", "image": "icon-1.jpeg"}}, {"model": "products.product", "pk": 6, "fields": {"category": 1, "sku": "pp5001340159", "name": "Underground logo", "description": "Undeground logo design", "height": "4000", "width": "6000", "size": "23437", "price": "632.81", "image_url": "media/icon-2.jpeg", "image": "icon-2.jpeg"}}, {"model": "products.product", "pk": 7, "fields": {"category": 1, "sku": "pp5001340160", "name": "Heart Locker", "description": " Heart design on solid metal lockers", "height": "3428", "width": "5456", "size": "18264", "price": "493.14", "image_url": "media/icon-3.jpeg", "image": "icon-3.jpeg"}}, {"model": "products.product", "pk": 8, "fields": {"category": 2, "sku": "pp5001340161", "name": "Fire logo", "description": "Beautiful Fire logo with red neon effect", "height": "3132", "width": "5568", "size": "17030", "price": "459.81", "image_url": "media/logo-2.jpeg", "image": "logo-2.jpeg"}}, {"model": "products.product", "pk": 9, "fields": {"category": 2, "sku": "pp5001340162", "name": "Neon Butterfly", "description": "Neon butterfly logo with rainbow color effect", "height": "3589", "width": "5383", "size": "18866", "price": "509.40", "image_url": "media/media/logo-3.jpeg", "image": "logo-3.jpeg"}}, {"model": "design_requests.category", "pk": 1, "fields": {"name": "Icon"}}, {"model": "design_requests.category", "pk": 2, "fields": {"name": "Logo"}}, {"model": "design_requests.category", "pk": 3, "fields": {"name": "Poster"}}, {"model": "design_requests.designrequest", "pk": 21, "fields": {"client": null, "category": 3, "name": "Sunset", "height": "1080", "width": "1920", "description": "Beautiful sunset in the park, photo taken in one of the beauty spots", "size": "6075", "price": "164.02", "provide_source_files": false, "source_img": "", "image_url": null, "processed_image": "design_work-1_fDtWupp.jpg", "is_processed": true, "testimonial": "Wonderfull image designed according to my needs delivered in a fast and effective manner.", "order_number": "6DA33929AF674D7590DE59B43BE6A90C"}}, {"model": "design_requests.designrequest", "pk": 22, "fields": {"client": null, "category": 3, "name": "Fantasy forest", "height": "1080", "width": "1920", "description": "Beautiful fantasy forest poster found only in our imagination", "size": "6075", "price": "164.02", "provide_source_files": false, "source_img": "", "image_url": null, "processed_image": "design_work-2_9JNcoTt.jpg", "is_processed": true, "testimonial": "Very pleased with the outcome, I definitely recommend this website", "order_number": "91A481E1BECC4B80A439835E72393EE8"}}, {"model": "design_requests.designrequest", "pk": 24, "fields": {"client": null, "category": 3, "name": "Malten Lava", "height": "1080", "width": "1590", "description": "Malten lava effect poster", "size": "5031", "price": "135.81", "provide_source_files": false, "source_img": "", "image_url": null, "processed_image": "design_work-4_Bfdo8xK.jpg", "is_processed": true, "testimonial": "I love this picture done by the most creative team.", "order_number": "DCC239FCEA654C8FA60F44F900D0F152"}}, {"model": "design_requests.designrequest", "pk": 25, "fields": {"client": null, "category": 1, "name": "Social network", "height": "1080", "width": "2363", "description": "Social network icon representing people comunicating love", "size": "7477", "price": "201.85", "provide_source_files": false, "source_img": "", "image_url": null, "processed_image": "icon-1_jApJk4A.jpeg", "is_processed": true, "testimonial": "Very quick feedback and response times", "order_number": "BC2E91BACBD34C4AB992F99CF031EC3E"}}, {"model": "design_requests.designrequest", "pk": 26, "fields": {"client": null, "category": 2, "name": "Underground logo", "height": "2400", "width": "3000", "description": "Undeground logo design", "size": "21094", "price": "569.51", "provide_source_files": false, "source_img": "", "image_url": null, "processed_image": "icon-2_1tn082u.jpeg", "is_processed": true, "testimonial": "Your testimonial here", "order_number": "320BBFA05D234608BE814999169922FA"}}, {"model": "design_requests.designrequest", "pk": 27, "fields": {"client": null, "category": 1, "name": "Heart Locker", "height": "2348", "width": "2456", "description": "Heart design on solid metal lockers", "size": "16895", "price": "456.14", "provide_source_files": false, "source_img": "", "image_url": null, "processed_image": "icon-3_WpU6W6x.jpeg", "is_processed": true, "testimonial": "It came out better than I expected", "order_number": "FBE5766B963E40888838B66318B2000A"}}, {"model": "design_requests.designrequest", "pk": 28, "fields": {"client": null, "category": 2, "name": "Fire logo", "height": "2312", "width": "2568", "description": "Beautiful Fire logo with red neon effect", "size": "17394", "price": "469.64", "provide_source_files": false, "source_img": "", "image_url": null, "processed_image": "logo-2_xGOAjlX.jpeg", "is_processed": true, "testimonial": "", "order_number": "BE3688E37B2F4FA69D1B4C003424EC5C"}}, {"model": "design_requests.designrequest", "pk": 29, "fields": {"client": null, "category": 1, "name": "Neon Butterfly", "height": "2589", "width": "2383", "description": "Neon butterfly logo with rainbow color effect", "size": "18075", "price": "488.00", "provide_source_files": false, "source_img": "", "image_url": null, "processed_image": "logo-3_0UA8SOL.jpeg", "is_processed": true, "testimonial": "Love this soft colors neon logo", "order_number": "335328C3ABB942B4AC89E61D0D7D41A2"}}, {"model": "design_requests.designrequest", "pk": 61, "fields": {"client": 1, "category": 1, "name": "test _profile_fill form", "height": "5181", "width": "5625", "description": "5561dsmdkmsalkfmalskmf", "size": "85380", "price": "2305.26", "provide_source_files": false, "source_img": "", "image_url": null, "processed_image": "icon-2_WVi1pQ8.jpeg", "is_processed": true, "testimonial": "False", "order_number": "FB1129DC27584AC0AE2455A25E20BB28"}}, {"model": "design_requests.designrequest", "pk": 62, "fields": {"client": 1, "category": 1, "name": "Emanuel Teodor", "height": "5513", "width": "8799", "description": "lkmpmlkmomomo", "size": "142116", "price": "3837.10", "provide_source_files": false, "source_img": "", "image_url": null, "processed_image": "", "is_processed": false, "testimonial": "False", "order_number": "9F5D0C21C1EC4B4BBBF2742465392DD9"}}, {"model": "design_requests.designrequest", "pk": 66, "fields": {"client": 1, "category": 1, "name": "test stripe", "height": "3306", "width": "5152", "description": "fadfdfafasfasfas", "size": "49900", "price": "1347.27", "provide_source_files": false, "source_img": "", "image_url": null, "processed_image": "design_work-1_YYSWz4h.jpg", "is_processed": true, "testimonial": "", "order_number": "07B4AA2FC1ED4650A9E6BCF5C14BA15A"}}, {"model": "design_requests.designrequest", "pk": 67, "fields": {"client": 1, "category": 1, "name": "test stripe", "height": "3306", "width": "5152", "description": "fadfdfafasfasfas", "size": "49900", "price": "1347.27", "provide_source_files": false, "source_img": "", "image_url": null, "processed_image": "logo-3_6siJ1dR.jpeg", "is_processed": false, "testimonial": "", "order_number": "03ED7E7CDF9349D596BFECB2B80A2E8A"}}, {"model": "design_requests.designrequest", "pk": 68, "fields": {"client": 1, "category": 1, "name": "test loading over layer", "height": "1080", "width": "1920", "description": "ffdsfdsfdsf", "size": "6075", "price": "164.02", "provide_source_files": false, "source_img": "", "image_url": null, "processed_image": "design_work-1_R7U9tjj.jpg", "is_processed": true, "testimonial": "", "order_number": "BB0AA14E6485403ABBACA3F963895393"}}, {"model": "design_requests.designrequest", "pk": 69, "fields": {"client": 1, "category": 1, "name": "test overlayer", "height": "556", "width": "1515", "description": "545454affdfds", "size": "2468", "price": "66.61", "provide_source_files": false, "source_img": "", "image_url": null, "processed_image": "", "is_processed": false, "testimonial": "False", "order_number": "44E6A54949DC4A8F84C8B5AC3A422B2A"}}, {"model": "design_requests.designrequest", "pk": 70, "fields": {"client": 1, "category": 1, "name": "text webhooks", "height": "3230", "width": "3126", "description": "fsfdsfdasf", "size": "29581", "price": "798.66", "provide_source_files": false, "source_img": "", "image_url": null, "processed_image": "", "is_processed": false, "testimonial": "False", "order_number": "8D54E7AA2F0E403D9A0FBEEB449BC0C0"}}, {"model": "design_requests.designrequest", "pk": 71, "fields": {"client": 1, "category": 1, "name": "test webhooks", "height": "2631", "width": "1566", "description": "ffasfasfasfasfasfas", "size": "12071", "price": "325.89", "provide_source_files": false, "source_img": "", "image_url": null, "processed_image": "", "is_processed": false, "testimonial": "False", "order_number": "A699159DA0CC470CB9073A67B68654A6"}}, {"model": "design_requests.designrequest", "pk": 72, "fields": {"client": 1, "category": 1, "name": "Test webhooks", "height": "7771", "width": "515", "description": "safadfasdfasd", "size": "11725", "price": "316.55", "provide_source_files": false, "source_img": "", "image_url": null, "processed_image": "", "is_processed": false, "testimonial": "False", "order_number": "E37803BCD478434FB7010BE9F842CEB9"}}, {"model": "design_requests.designrequest", "pk": 73, "fields": {"client": 1, "category": 1, "name": "Emanuel Teodor", "height": "65", "width": "70", "description": "fsdfasdfsdafsadf", "size": "13", "price": "0.35", "provide_source_files": false, "source_img": "", "image_url": null, "processed_image": "", "is_processed": false, "testimonial": "False", "order_number": "7A104C9B6265417B981E1B497531FB8B"}}, {"model": "design_requests.designrequest", "pk": 74, "fields": {"client": 1, "category": 1, "name": "Emanuel Teodor", "height": "458", "width": "5484", "description": "47487487487df87daf87ads", "size": "7358", "price": "198.67", "provide_source_files": false, "source_img": "", "image_url": null, "processed_image": "", "is_processed": false, "testimonial": "False", "order_number": "0D17A0EB8CE5447EBFB225DFDB9E02F9"}}, {"model": "design_requests.designrequest", "pk": 75, "fields": {"client": 1, "category": 1, "name": "test_pid", "height": "5515", "width": "5515", "description": "lkmdksmdklsmsmlksam", "size": "89107", "price": "2405.89", "provide_source_files": false, "source_img": "", "image_url": null, "processed_image": "", "is_processed": false, "testimonial": "False", "order_number": "5E27CD5255DD4A4A87A7C05D4FB51367"}}, {"model": "design_requests.designrequest", "pk": 76, "fields": {"client": 1, "category": 1, "name": "test json object", "height": "88481", "width": "84", "description": "csacaxccaxcxa", "size": "21775", "price": "587.90", "provide_source_files": false, "source_img": "", "image_url": null, "processed_image": "", "is_processed": false, "testimonial": "False", "order_number": "EE2D2E39CC3C46C881AC58A2C7C489A7"}}, {"model": "design_requests.designrequest", "pk": 77, "fields": {"client": 1, "category": 1, "name": "test json object", "height": "88481", "width": "84", "description": "csacaxccaxcxa", "size": "21775", "price": "587.90", "provide_source_files": false, "source_img": "", "image_url": null, "processed_image": "", "is_processed": false, "testimonial": "False", "order_number": "2F64525AC6D6469EAE9E1E11860A62F0"}}, {"model": "design_requests.designrequest", "pk": 78, "fields": {"client": 1, "category": 1, "name": "Emanuel Teodor", "height": "65", "width": "70", "description": "dsaf;.sa;f.;assafadfdfdf", "size": "13", "price": "0.35", "provide_source_files": true, "source_img": "", "image_url": null, "processed_image": "", "is_processed": false, "testimonial": "False", "order_number": "2C2EEF938D1E495388EB1F49C30E8FCA"}}, {"model": "design_requests.designrequest", "pk": 79, "fields": {"client": 1, "category": 1, "name": "Emanuel Teodor", "height": "65", "width": "70", "description": "dsaf;.sa;f.;assafadfdfdf", "size": "13", "price": "0.35", "provide_source_files": true, "source_img": "", "image_url": null, "processed_image": "", "is_processed": false, "testimonial": "False", "order_number": "C7888FC59EEA41A188E76499140D7875"}}, {"model": "design_requests.designrequest", "pk": 80, "fields": {"client": 1, "category": 1, "name": "Emanuel Teodor", "height": "65", "width": "70", "description": "dsaf;.sa;f.;assafadfdfdf", "size": "13", "price": "0.35", "provide_source_files": true, "source_img": "", "image_url": null, "processed_image": "", "is_processed": false, "testimonial": "False", "order_number": "D19ED7004B5148D6B83F2054093D6B9C"}}, {"model": "design_requests.designrequest", "pk": 81, "fields": {"client": 1, "category": 1, "name": "Emanuel Teodor", "height": "65", "width": "70", "description": "khjknkjnkjnkjnkjn", "size": "13", "price": "0.35", "provide_source_files": false, "source_img": "", "image_url": null, "processed_image": "", "is_processed": false, "testimonial": "False", "order_number": "3391F674771445169A24B48156C95096"}}, {"model": "design_requests.designrequest", "pk": 82, "fields": {"client": 1, "category": 1, "name": "Emanuel Teodor", "height": "65", "width": "70", "description": "khjknkjnkjnkjnkjn", "size": "13", "price": "0.35", "provide_source_files": false, "source_img": "", "image_url": null, "processed_image": "13FEC2CF-C0CB-4F02-88B7-DACE949FB780.jpeg", "is_processed": true, "testimonial": "False", "order_number": "BF032F43CF124A23972A310DB26ACC7D"}}, {"model": "design_requests.designrequest", "pk": 83, "fields": {"client": 1, "category": 1, "name": "Emanuel Teodor", "height": "20225", "width": "5155", "description": "vvdsgfsdfgsdgdsg", "size": "305449", "price": "8247.10", "provide_source_files": false, "source_img": "", "image_url": null, "processed_image": "", "is_processed": false, "testimonial": "False", "order_number": "3AE8771E22AC451F8EBCEF550316984C"}}, {"model": "design_requests.designrequest", "pk": 84, "fields": {"client": 1, "category": 1, "name": "test webhooks", "height": "2020", "width": "2351", "description": "sfsdfsdfdsgdsg", "size": "13913", "price": "375.65", "provide_source_files": false, "source_img": "", "image_url": null, "processed_image": "", "is_processed": false, "testimonial": "False", "order_number": "19192DAF6DC54F3E9F822DC15D0442DC"}}, {"model": "design_requests.designrequest", "pk": 85, "fields": {"client": 1, "category": 1, "name": "test webhooks", "height": "5155", "width": "5155", "description": "dsl;dsmdfksdfafadfasfasfasf", "size": "77854", "price": "2102.03", "provide_source_files": false, "source_img": "", "image_url": null, "processed_image": "", "is_processed": false, "testimonial": "False", "order_number": "04873F29E83E4436BBC6AE5D3A945E1C"}}, {"model": "design_requests.designrequest", "pk": 86, "fields": {"client": 1, "category": 1, "name": "test webhooks", "height": "2515", "width": "1651", "description": "ffafasfasfasfas", "size": "12165", "price": "328.43", "provide_source_files": false, "source_img": "", "image_url": null, "processed_image": "", "is_processed": false, "testimonial": "False", "order_number": "E1D7D7839AD64F9B830419DF80DC79EC"}}, {"model": "design_requests.designrequest", "pk": 87, "fields": {"client": 1, "category": 1, "name": "test webhooks", "height": "41451", "width": "3262", "description": "fsfasfasfasfas", "size": "396132", "price": "10695.56", "provide_source_files": false, "source_img": "", "image_url": null, "processed_image": "", "is_processed": false, "testimonial": "False", "order_number": "91DDB06BE7404EBBB55AA85F17BF2E78"}}, {"model": "design_requests.designrequest", "pk": 88, "fields": {"client": 1, "category": 1, "name": "test webhook response order creation", "height": "4415", "width": "1515", "description": "dsdasfasfadfafasfas", "size": "19596", "price": "529.06", "provide_source_files": false, "source_img": "", "image_url": null, "processed_image": "", "is_processed": false, "testimonial": "False", "order_number": "38D52598E5E14B9D89396E858531A35B"}}, {"model": "design_requests.designrequest", "pk": 89, "fields": {"client": 1, "category": 1, "name": "test webhooks", "height": "33939", "width": "5222", "description": "fadfsdfsdfdsfdsfsdfds", "size": "519227", "price": "14019.10", "provide_source_files": false, "source_img": "", "image_url": null, "processed_image": "", "is_processed": false, "testimonial": "False", "order_number": "92F9B319428B49F2867EF656C4CAB6B7"}}, {"model": "design_requests.designrequest", "pk": 90, "fields": {"client": 1, "category": 1, "name": "test webhooks", "height": "626", "width": "5252", "description": "fdfdafasfasfasfasfsa", "size": "9632", "price": "260.06", "provide_source_files": false, "source_img": "", "image_url": null, "processed_image": "", "is_processed": false, "testimonial": "False", "order_number": "655CC07EFC6B4085AF739F38737455DD"}}, {"model": "design_requests.designrequest", "pk": 91, "fields": {"client": 1, "category": 1, "name": "test webhooks", "height": "626", "width": "626", "description": "dfsafaffsafasfa", "size": "1148", "price": "31.00", "provide_source_files": false, "source_img": "", "image_url": null, "processed_image": "", "is_processed": false, "testimonial": "False", "order_number": "4A6920462B2C49DDB76DEF2DADC066BF"}}, {"model": "design_requests.designrequest", "pk": 92, "fields": {"client": 1, "category": 1, "name": "test webhooks", "height": "625", "width": "6256", "description": "fafasfsafasf", "size": "11455", "price": "309.28", "provide_source_files": false, "source_img": "", "image_url": null, "processed_image": "", "is_processed": false, "testimonial": "False", "order_number": "05034248BE9A47A8A4D546D0D7086DCF"}}, {"model": "design_requests.designrequest", "pk": 93, "fields": {"client": 1, "category": 1, "name": "test webhooks", "height": "515", "width": "655", "description": "dsdsa,f,aosfasfasfasfas", "size": "988", "price": "26.68", "provide_source_files": false, "source_img": "", "image_url": null, "processed_image": "", "is_processed": false, "testimonial": "False", "order_number": "4A74DE9D915B4BF8A21753EF4C44622C"}}, {"model": "design_requests.designrequest", "pk": 94, "fields": {"client": 1, "category": 1, "name": "fdsfsdgfsd", "height": "1561", "width": "45151", "description": "gsdsdvsdvsdvsdvsdv", "size": "206486", "price": "5575.12", "provide_source_files": false, "source_img": "", "image_url": null, "processed_image": "", "is_processed": false, "testimonial": "False", "order_number": "E2B2158399474CCD8EC037EB0E65FA94"}}, {"model": "design_requests.designrequest", "pk": 95, "fields": {"client": 1, "category": 1, "name": "Emanuel Teodor", "height": "65", "width": "70", "description": "utyitruiryuiryuyukyukyu", "size": "13", "price": "0.35", "provide_source_files": false, "source_img": "", "image_url": null, "processed_image": "", "is_processed": false, "testimonial": "False", "order_number": "07D9CC3E8A22442F81F65D5E167CB378"}}, {"model": "design_requests.designrequest", "pk": 96, "fields": {"client": 1, "category": 1, "name": "test webhooks", "height": "65525", "width": "16516", "description": "fsafsafadsf", "size": "3170540", "price": "85604.55", "provide_source_files": false, "source_img": "", "image_url": null, "processed_image": "", "is_processed": false, "testimonial": "False", "order_number": "68F8FDF508414B66AE1A2AE565D1347B"}}, {"model": "design_requests.designrequest", "pk": 97, "fields": {"client": 1, "category": 1, "name": "Test webhooks metadata", "height": "565", "width": "3256", "description": "fsadasdasdasdsadsa", "size": "5390", "price": "145.50", "provide_source_files": false, "source_img": "", "image_url": null, "processed_image": "", "is_processed": false, "testimonial": "False", "order_number": "4CA17F0B408F46469E07F5C288B4A819"}}, {"model": "design_requests.designrequest", "pk": 98, "fields": {"client": 1, "category": 1, "name": "Test webhooks", "height": "70", "width": "70", "description": "fldkfopd,fl,dslf,dslf", "size": "14", "price": "0.38", "provide_source_files": false, "source_img": "", "image_url": null, "processed_image": "", "is_processed": false, "testimonial": "False", "order_number": "54A8EDC61B2C467CB17FEF74FB8D8161"}}, {"model": "design_requests.designrequest", "pk": 99, "fields": {"client": 1, "category": 1, "name": "Test webhooks", "height": "70", "width": "70", "description": "egdfgdfggadf", "size": "14", "price": "0.38", "provide_source_files": false, "source_img": "", "image_url": null, "processed_image": "", "is_processed": false, "testimonial": "False", "order_number": "F517D9ADDB1B4F08B20AC74E059608D4"}}, {"model": "design_requests.designrequest", "pk": 100, "fields": {"client": 1, "category": 1, "name": "test", "height": "626", "width": "712", "description": "fdasfasfzx", "size": "1306", "price": "35.24", "provide_source_files": false, "source_img": "", "image_url": null, "processed_image": "", "is_processed": false, "testimonial": "False", "order_number": "6681DF83DE5C47688A5C32A3F8C0B4EC"}}, {"model": "design_requests.designrequest", "pk": 101, "fields": {"client": 1, "category": 1, "name": "test webhooks with client email", "height": "365", "width": "525", "description": "dsadasdasdasdsa", "size": "561", "price": "15.15", "provide_source_files": false, "source_img": "", "image_url": null, "processed_image": "", "is_processed": false, "testimonial": "False", "order_number": "5E18FFD90587424E9A911B299E10DD56"}}, {"model": "design_requests.designrequest", "pk": 102, "fields": {"client": 1, "category": 1, "name": "first name test", "height": "512", "width": "70", "description": "cvcxbvxvbcvbcv", "size": "105", "price": "2.84", "provide_source_files": false, "source_img": "", "image_url": null, "processed_image": "", "is_processed": false, "testimonial": "False", "order_number": "0A1035DA56B642CC816030FF39D13389"}}, {"model": "design_requests.designrequest", "pk": 103, "fields": {"client": 1, "category": 1, "name": "test webhooks", "height": "626", "width": "512", "description": "lkmjmkjmmklmlkmlk", "size": "939", "price": "25.35", "provide_source_files": false, "source_img": "", "image_url": null, "processed_image": "", "is_processed": false, "testimonial": "False", "order_number": "9F819C6B9C1E4CFA9C474D8C2027D357"}}, {"model": "design_requests.designrequest", "pk": 104, "fields": {"client": 1, "category": 1, "name": "test webhooks", "height": "525", "width": "525", "description": "1651w561f65", "size": "807", "price": "21.79", "provide_source_files": false, "source_img": "", "image_url": null, "processed_image": "", "is_processed": false, "testimonial": "False", "order_number": "689999954ADB447E9C8029710F82844B"}}, {"model": "design_requests.designrequest", "pk": 105, "fields": {"client": 1, "category": 1, "name": "jhbjhnkjn", "height": "855", "width": "532", "description": "joikoikokpkpkpkpk", "size": "1333", "price": "35.96", "provide_source_files": false, "source_img": "", "image_url": null, "processed_image": "", "is_processed": false, "testimonial": "False", "order_number": "2C2EC311A39640588DF5FAD7D87888A2"}}, {"model": "design_requests.designrequest", "pk": 107, "fields": {"client": 1, "category": 1, "name": "Emanuel Teodor", "height": "959", "width": "659", "description": "fsafasfadfadasd", "size": "1852", "price": "49.98", "provide_source_files": false, "source_img": "", "image_url": null, "processed_image": "", "is_processed": false, "testimonial": "False", "order_number": "97988BE5CAA5441EB2D80C4FB1059252"}}, {"model": "design_requests.designrequest", "pk": 108, "fields": {"client": 1, "category": 1, "name": "test webhooks", "height": "6266", "width": "65165", "description": "dsadasdasdasdas", "size": "1196261", "price": "32299.05", "provide_source_files": false, "source_img": "", "image_url": null, "processed_image": "", "is_processed": false, "testimonial": "False", "order_number": "252FEB2F07B7436FBD1417E9B23B4496"}}, {"model": "design_requests.designrequest", "pk": 109, "fields": {"client": 1, "category": 1, "name": "test webhooks", "height": "525", "width": "515", "description": "safadfdaffasfas", "size": "792", "price": "21.38", "provide_source_files": false, "source_img": "", "image_url": null, "processed_image": "", "is_processed": false, "testimonial": "False", "order_number": "191B201518E445A584758FE10159E704"}}, {"model": "design_requests.designrequest", "pk": 110, "fields": {"client": 1, "category": 1, "name": "test webhooks", "height": "6252", "width": "1515", "description": "safadfasfasfasfas", "size": "27749", "price": "749.22", "provide_source_files": false, "source_img": "", "image_url": null, "processed_image": "", "is_processed": false, "testimonial": "False", "order_number": "96E5522ADEAC42898B2604A61442DE8A"}}, {"model": "design_requests.designrequest", "pk": 111, "fields": {"client": 1, "category": 1, "name": "Emanuel Teodor", "height": "6236", "width": "525", "description": "fsdgdfgsdfdfsd", "size": "9592", "price": "258.96", "provide_source_files": false, "source_img": "", "image_url": null, "processed_image": "", "is_processed": false, "testimonial": "False", "order_number": "B78CE0000EE14D7293C063A440C98B6C"}}, {"model": "design_requests.designrequest", "pk": 112, "fields": {"client": 1, "category": 1, "name": "test webhooks", "height": "6265", "width": "1102", "description": "sd csdfsdffdsfdsfdsaf", "size": "20227", "price": "546.10", "provide_source_files": false, "source_img": "", "image_url": null, "processed_image": "", "is_processed": false, "testimonial": "False", "order_number": "9512BC684E244016856992AF86B4538A"}}, {"model": "design_requests.designrequest", "pk": 113, "fields": {"client": 1, "category": 1, "name": "Test css", "height": "78", "width": "75", "description": "lkoaskdoiaskdoiaskfpoaskf", "size": "17", "price": "0.46", "provide_source_files": false, "source_img": "", "image_url": null, "processed_image": "", "is_processed": true, "testimonial": "False", "order_number": ""}}, {"model": "design_requests.designrequest", "pk": 116, "fields": {"client": 1, "category": 1, "name": "Test process request button", "height": "8747", "width": "8648", "description": "fasfsafasfasfas", "size": "221613", "price": "5983.55", "provide_source_files": false, "source_img": "design_work-1_ikH8tr5.jpg", "image_url": null, "processed_image": "", "is_processed": false, "testimonial": "", "order_number": ""}}, {"model": "orders.order", "pk": 272, "fields": {"design_request": 21, "client": 1, "price": "164.02", "order_number": "6DA33929AF674D7590DE59B43BE6A90C", "date": "2021-05-25T09:00:33.454Z", "full_name": null, "phone_number": null, "street_address1": null, "street_address2": null, "town_or_city": null, "county": null, "postcode": null, "country": null, "stripe_pid": ""}}, {"model": "orders.order", "pk": 273, "fields": {"design_request": 22, "client": 1, "price": "164.02", "order_number": "91A481E1BECC4B80A439835E72393EE8", "date": "2021-05-25T09:01:12.485Z", "full_name": null, "phone_number": null, "street_address1": null, "street_address2": null, "town_or_city": null, "county": null, "postcode": null, "country": null, "stripe_pid": ""}}, {"model": "orders.order", "pk": 274, "fields": {"design_request": 24, "client": 1, "price": "135.81", "order_number": "DCC239FCEA654C8FA60F44F900D0F152", "date": "2021-05-25T09:01:37.032Z", "full_name": null, "phone_number": null, "street_address1": null, "street_address2": null, "town_or_city": null, "county": null, "postcode": null, "country": null, "stripe_pid": ""}}, {"model": "orders.order", "pk": 275, "fields": {"design_request": 25, "client": 1, "price": "201.85", "order_number": "BC2E91BACBD34C4AB992F99CF031EC3E", "date": "2021-05-25T09:02:06.749Z", "full_name": null, "phone_number": null, "street_address1": null, "street_address2": null, "town_or_city": null, "county": null, "postcode": null, "country": null, "stripe_pid": ""}}, {"model": "orders.order", "pk": 276, "fields": {"design_request": 26, "client": 1, "price": "569.51", "order_number": "320BBFA05D234608BE814999169922FA", "date": "2021-05-25T09:02:27.282Z", "full_name": null, "phone_number": null, "street_address1": null, "street_address2": null, "town_or_city": null, "county": null, "postcode": null, "country": null, "stripe_pid": ""}}, {"model": "orders.order", "pk": 277, "fields": {"design_request": 27, "client": 1, "price": "456.14", "order_number": "FBE5766B963E40888838B66318B2000A", "date": "2021-05-25T09:02:46.618Z", "full_name": null, "phone_number": null, "street_address1": null, "street_address2": null, "town_or_city": null, "county": null, "postcode": null, "country": null, "stripe_pid": ""}}, {"model": "orders.order", "pk": 278, "fields": {"design_request": 28, "client": 1, "price": "469.64", "order_number": "BE3688E37B2F4FA69D1B4C003424EC5C", "date": "2021-05-25T09:03:04.509Z", "full_name": null, "phone_number": null, "street_address1": null, "street_address2": null, "town_or_city": null, "county": null, "postcode": null, "country": null, "stripe_pid": ""}}, {"model": "orders.order", "pk": 279, "fields": {"design_request": 29, "client": 1, "price": "488.00", "order_number": "335328C3ABB942B4AC89E61D0D7D41A2", "date": "2021-05-25T09:03:26.977Z", "full_name": null, "phone_number": null, "street_address1": null, "street_address2": null, "town_or_city": null, "county": null, "postcode": null, "country": null, "stripe_pid": ""}}, {"model": "orders.order", "pk": 280, "fields": {"design_request": 61, "client": 1, "price": "2305.26", "order_number": "FB1129DC27584AC0AE2455A25E20BB28", "date": "2021-05-25T09:22:35.452Z", "full_name": "Emanuel", "phone_number": "07774145721", "street_address1": "35", "street_address2": "35 Don Bosco Close", "town_or_city": "Oxford", "county": "Oxfordshire", "postcode": "OX4 2LD", "country": "GB", "stripe_pid": ""}}, {"model": "orders.order", "pk": 281, "fields": {"design_request": 62, "client": 1, "price": "3837.10", "order_number": "9F5D0C21C1EC4B4BBBF2742465392DD9", "date": "2021-05-25T09:57:00.151Z", "full_name": "Emanuel", "phone_number": "07774145721", "street_address1": "11 Reedmace Road", "street_address2": "35 Don Bosco Close", "town_or_city": "BODICOTE", "county": "OXFORDSHIRE", "postcode": "OX154TG", "country": "GB", "stripe_pid": ""}}, {"model": "orders.order", "pk": 283, "fields": {"design_request": 68, "client": 1, "price": "164.02", "order_number": "BB0AA14E6485403ABBACA3F963895393", "date": "2021-05-25T12:39:58.241Z", "full_name": null, "phone_number": null, "street_address1": null, "street_address2": null, "town_or_city": null, "county": null, "postcode": null, "country": null, "stripe_pid": ""}}, {"model": "orders.order", "pk": 284, "fields": {"design_request": 69, "client": 1, "price": "66.61", "order_number": "44E6A54949DC4A8F84C8B5AC3A422B2A", "date": "2021-05-25T12:43:02.664Z", "full_name": null, "phone_number": null, "street_address1": null, "street_address2": null, "town_or_city": null, "county": null, "postcode": null, "country": null, "stripe_pid": ""}}, {"model": "orders.order", "pk": 285, "fields": {"design_request": 71, "client": 1, "price": "325.89", "order_number": "A699159DA0CC470CB9073A67B68654A6", "date": "2021-05-25T18:51:04.302Z", "full_name": "Emanuel", "phone_number": "07774145721", "street_address1": "35", "street_address2": "35 Don Bosco Close", "town_or_city": "Oxford", "county": "Oxfordshire", "postcode": "OX4 2LD", "country": "GB", "stripe_pid": ""}}, {"model": "orders.order", "pk": 286, "fields": {"design_request": 72, "client": 1, "price": "316.55", "order_number": "E37803BCD478434FB7010BE9F842CEB9", "date": "2021-05-25T19:32:32.374Z", "full_name": "Emanuel", "phone_number": "07774145721", "street_address1": "35", "street_address2": "35 Don Bosco Close", "town_or_city": "Oxford", "county": "Oxfordshire", "postcode": "OX4 2LD", "country": "GB", "stripe_pid": ""}}, {"model": "orders.order", "pk": 287, "fields": {"design_request": 66, "client": 1, "price": "1347.27", "order_number": "07B4AA2FC1ED4650A9E6BCF5C14BA15A", "date": "2021-05-25T19:51:17.019Z", "full_name": "Emanuel", "phone_number": "07774145721", "street_address1": "35", "street_address2": "35 Don Bosco Close", "town_or_city": "Oxford", "county": "Oxfordshire", "postcode": "OX4 2LD", "country": "GB", "stripe_pid": ""}}, {"model": "orders.order", "pk": 288, "fields": {"design_request": 67, "client": 1, "price": "1347.27", "order_number": "03ED7E7CDF9349D596BFECB2B80A2E8A", "date": "2021-05-25T20:22:42.791Z", "full_name": "Emanuel", "phone_number": "07774145721", "street_address1": "35", "street_address2": "35 Don Bosco Close", "town_or_city": "Oxford", "county": "Oxfordshire", "postcode": "OX4 2LD", "country": "GB", "stripe_pid": ""}}, {"model": "orders.order", "pk": 289, "fields": {"design_request": 73, "client": 1, "price": "0.35", "order_number": "7A104C9B6265417B981E1B497531FB8B", "date": "2021-05-25T20:51:29.893Z", "full_name": "Emanuel", "phone_number": "07774145721", "street_address1": "35", "street_address2": "35 Don Bosco Close", "town_or_city": "Oxford", "county": "Oxfordshire", "postcode": "OX4 2LD", "country": "GB", "stripe_pid": ""}}, {"model": "orders.order", "pk": 290, "fields": {"design_request": 74, "client": 1, "price": "198.67", "order_number": "0D17A0EB8CE5447EBFB225DFDB9E02F9", "date": "2021-05-25T21:12:21.066Z", "full_name": "Emanuel", "phone_number": "07774145721", "street_address1": "35", "street_address2": "35 Don Bosco Close", "town_or_city": "Oxford", "county": "Oxfordshire", "postcode": "OX4 2LD", "country": "GB", "stripe_pid": ""}}, {"model": "orders.order", "pk": 291, "fields": {"design_request": 75, "client": 1, "price": "2405.89", "order_number": "5E27CD5255DD4A4A87A7C05D4FB51367", "date": "2021-05-25T21:31:04.637Z", "full_name": "Emanuel", "phone_number": "07774145721", "street_address1": "35", "street_address2": "35 Don Bosco Close", "town_or_city": "Oxford", "county": "Oxfordshire", "postcode": "OX4 2LD", "country": "GB", "stripe_pid": "pi_1Iv7iZKgBHROkVrvx06BbLVF"}}, {"model": "orders.order", "pk": 292, "fields": {"design_request": 76, "client": 1, "price": "587.90", "order_number": "EE2D2E39CC3C46C881AC58A2C7C489A7", "date": "2021-05-25T21:34:50.593Z", "full_name": "Emanuel", "phone_number": "07774145721", "street_address1": "35", "street_address2": "35 Don Bosco Close", "town_or_city": "Oxford", "county": "Oxfordshire", "postcode": "OX4 2LD", "country": "GB", "stripe_pid": "pi_1Iv7qYKgBHROkVrvRYbsS6AP"}}, {"model": "orders.order", "pk": 293, "fields": {"design_request": 80, "client": 1, "price": "0.35", "order_number": "D19ED7004B5148D6B83F2054093D6B9C", "date": "2021-05-25T21:48:51.259Z", "full_name": "Emanuel", "phone_number": "07774145721", "street_address1": "35", "street_address2": "35 Don Bosco Close", "town_or_city": "Oxford", "county": "Oxfordshire", "postcode": "OX4 2LD", "country": "GB", "stripe_pid": "pi_1Iv86tKgBHROkVrv30BhDyba"}}, {"model": "orders.order", "pk": 294, "fields": {"design_request": 83, "client": 1, "price": "8247.10", "order_number": "3AE8771E22AC451F8EBCEF550316984C", "date": "2021-05-25T22:07:38.356Z", "full_name": "Emanuel", "phone_number": "07774145721", "street_address1": "11 Reedmace Road", "street_address2": "35 Don Bosco Close", "town_or_city": "BODICOTE", "county": "OXFORDSHIRE", "postcode": "OX154TG", "country": "GB", "stripe_pid": "pi_1Iv8PCKgBHROkVrvI1VeANFN"}}, {"model": "orders.order", "pk": 295, "fields": {"design_request": 84, "client": 1, "price": "375.65", "order_number": "19192DAF6DC54F3E9F822DC15D0442DC", "date": "2021-05-25T22:11:28.274Z", "full_name": "Emanuel", "phone_number": "07774145721", "street_address1": "35", "street_address2": "35 Don Bosco Close", "town_or_city": "Oxford", "county": "Oxfordshire", "postcode": "OX4 2LD", "country": "GB", "stripe_pid": "pi_1Iv8StKgBHROkVrvyDhFDowA"}}, {"model": "orders.order", "pk": 296, "fields": {"design_request": 85, "client": 1, "price": "2102.03", "order_number": "04873F29E83E4436BBC6AE5D3A945E1C", "date": "2021-05-25T22:14:07.863Z", "full_name": "Emanuel", "phone_number": "07774145721", "street_address1": "35", "street_address2": "35 Don Bosco Close", "town_or_city": "Oxford", "county": "Oxfordshire", "postcode": "OX4 2LD", "country": "GB", "stripe_pid": "pi_1Iv8VXKgBHROkVrvAns0C77T"}}, {"model": "orders.order", "pk": 297, "fields": {"design_request": 86, "client": 1, "price": "328.43", "order_number": "E1D7D7839AD64F9B830419DF80DC79EC", "date": "2021-05-25T22:16:30.617Z", "full_name": "Emanuel", "phone_number": "07774145721", "street_address1": "35", "street_address2": "35 Don Bosco Close", "town_or_city": "Oxford", "county": "Oxfordshire", "postcode": "OX4 2LD", "country": "GB", "stripe_pid": "pi_1Iv8XeKgBHROkVrvUuPE7EWf"}}, {"model": "orders.order", "pk": 298, "fields": {"design_request": 87, "client": 1, "price": "10695.56", "order_number": "91DDB06BE7404EBBB55AA85F17BF2E78", "date": "2021-05-25T22:19:23.059Z", "full_name": "Emanuel", "phone_number": "07774145721", "street_address1": "35", "street_address2": "35 Don Bosco Close", "town_or_city": "Oxford", "county": "Oxfordshire", "postcode": "OX4 2LD", "country": "GB", "stripe_pid": "pi_1Iv8aZKgBHROkVrv4Z5eQUfF"}}, {"model": "orders.order", "pk": 299, "fields": {"design_request": 88, "client": 1, "price": "529.06", "order_number": "38D52598E5E14B9D89396E858531A35B", "date": "2021-05-26T09:24:46.167Z", "full_name": "Emanuel", "phone_number": "07774145721", "street_address1": "35", "street_address2": "35 Don Bosco Close", "town_or_city": "Oxford", "county": "Oxfordshire", "postcode": "OX4 2LD", "country": "GB", "stripe_pid": "pi_1IvIwIKgBHROkVrvy4kLJgi4"}}, {"model": "orders.order", "pk": 300, "fields": {"design_request": 70, "client": 1, "price": "798.66", "order_number": "8D54E7AA2F0E403D9A0FBEEB449BC0C0", "date": "2021-05-26T09:38:48.690Z", "full_name": "Emanuel", "phone_number": "07774145721", "street_address1": "35", "street_address2": "35 Don Bosco Close", "town_or_city": "Oxford", "county": "Oxfordshire", "postcode": "OX4 2LD", "country": "GB", "stripe_pid": "pi_1IvJ5VKgBHROkVrvmCrJJ8cT"}}, {"model": "orders.order", "pk": 301, "fields": {"design_request": 77, "client": 1, "price": "587.90", "order_number": "2F64525AC6D6469EAE9E1E11860A62F0", "date": "2021-05-26T09:42:54.022Z", "full_name": "Emanuel", "phone_number": "07774145721", "street_address1": "35", "street_address2": "35 Don Bosco Close", "town_or_city": "Oxford", "county": "Oxfordshire", "postcode": "OX4 2LD", "country": "GB", "stripe_pid": "pi_1IvJG0KgBHROkVrvK4s4vX1D"}}, {"model": "orders.order", "pk": 302, "fields": {"design_request": 78, "client": 1, "price": "0.35", "order_number": "2C2EEF938D1E495388EB1F49C30E8FCA", "date": "2021-05-26T09:46:13.753Z", "full_name": "Emanuel", "phone_number": "07774145721", "street_address1": "35", "street_address2": "35 Don Bosco Close", "town_or_city": "Oxford", "county": "Oxfordshire", "postcode": "OX4 2LD", "country": "GB", "stripe_pid": "pi_1IvJJJKgBHROkVrvAlKBQI78"}}, {"model": "orders.order", "pk": 303, "fields": {"design_request": 79, "client": 1, "price": "0.35", "order_number": "C7888FC59EEA41A188E76499140D7875", "date": "2021-05-26T10:56:44.442Z", "full_name": "Emanuel", "phone_number": "07774145721", "street_address1": "35", "street_address2": "35 Don Bosco Close", "town_or_city": "Oxford", "county": "Oxfordshire", "postcode": "OX4 2LD", "country": "GB", "stripe_pid": "pi_1IvKOaKgBHROkVrvsyO6537S"}}, {"model": "orders.order", "pk": 304, "fields": {"design_request": 81, "client": 1, "price": "0.35", "order_number": "3391F674771445169A24B48156C95096", "date": "2021-05-26T11:09:52.207Z", "full_name": "Emanuel", "phone_number": "07774145721", "street_address1": "35", "street_address2": "35 Don Bosco Close", "town_or_city": "Oxford", "county": "Oxfordshire", "postcode": "OX4 2LD", "country": "GB", "stripe_pid": "pi_1IvKcAKgBHROkVrvjEV3RG6U"}}, {"model": "orders.order", "pk": 305, "fields": {"design_request": 89, "client": 1, "price": "14019.10", "order_number": "92F9B319428B49F2867EF656C4CAB6B7", "date": "2021-05-26T11:13:37.675Z", "full_name": "Emanuel", "phone_number": "07774145721", "street_address1": "11 Reedmace Road", "street_address2": "35 Don Bosco Close", "town_or_city": "BODICOTE", "county": "OXFORDSHIRE", "postcode": "OX154TG", "country": "GB", "stripe_pid": "pi_1IvKfvKgBHROkVrvJVjcaNtn"}}, {"model": "orders.order", "pk": 306, "fields": {"design_request": 90, "client": 1, "price": "260.06", "order_number": "655CC07EFC6B4085AF739F38737455DD", "date": "2021-05-26T11:19:16.357Z", "full_name": "Emanuel", "phone_number": "07774145721", "street_address1": "35", "street_address2": "35 Don Bosco Close", "town_or_city": "Oxford", "county": "Oxfordshire", "postcode": "OX4 2LD", "country": "GB", "stripe_pid": "pi_1IvKlOKgBHROkVrvT1zxwmHr"}}, {"model": "orders.order", "pk": 307, "fields": {"design_request": 91, "client": 1, "price": "31.00", "order_number": "4A6920462B2C49DDB76DEF2DADC066BF", "date": "2021-05-26T11:21:31.872Z", "full_name": "Emanuel", "phone_number": "07774145721", "street_address1": "35", "street_address2": "35 Don Bosco Close", "town_or_city": "Oxford", "county": "Oxfordshire", "postcode": "OX4 2LD", "country": "GB", "stripe_pid": "pi_1IvKnbKgBHROkVrvNUikAS2U"}}, {"model": "orders.order", "pk": 308, "fields": {"design_request": 92, "client": 1, "price": "309.28", "order_number": "05034248BE9A47A8A4D546D0D7086DCF", "date": "2021-05-26T11:30:34.941Z", "full_name": "Emanuel", "phone_number": "07774145721", "street_address1": "35", "street_address2": "35 Don Bosco Close", "town_or_city": "Oxford", "county": "Oxfordshire", "postcode": "OX4 2LD", "country": "GB", "stripe_pid": "pi_1IvKwMKgBHROkVrvhT9xa0dx"}}, {"model": "orders.order", "pk": 309, "fields": {"design_request": 93, "client": 1, "price": "26.68", "order_number": "4A74DE9D915B4BF8A21753EF4C44622C", "date": "2021-05-26T11:34:56.221Z", "full_name": "Emanuel", "phone_number": "07774145721", "street_address1": "35", "street_address2": "35 Don Bosco Close", "town_or_city": "Oxford", "county": "Oxfordshire", "postcode": "OX4 2LD", "country": "GB", "stripe_pid": "pi_1IvL0ZKgBHROkVrvrfXCBh5d"}}, {"model": "orders.order", "pk": 310, "fields": {"design_request": 94, "client": 1, "price": "5575.12", "order_number": "E2B2158399474CCD8EC037EB0E65FA94", "date": "2021-05-26T11:48:15.524Z", "full_name": "Emanuel", "phone_number": "07774145721", "street_address1": "35", "street_address2": "35 Don Bosco Close", "town_or_city": "Oxford", "county": "Oxfordshire", "postcode": "OX4 2LD", "country": "GB", "stripe_pid": "pi_1IvLDRKgBHROkVrvnhufL3H5"}}, {"model": "orders.order", "pk": 311, "fields": {"design_request": 95, "client": 1, "price": "0.35", "order_number": "07D9CC3E8A22442F81F65D5E167CB378", "date": "2021-05-26T11:56:55.862Z", "full_name": "Emanuel", "phone_number": "07774145721", "street_address1": "35", "street_address2": "35 Don Bosco Close", "town_or_city": "Oxford", "county": "Oxfordshire", "postcode": "OX4 2LD", "country": "GB", "stripe_pid": "pi_1IvLLqKgBHROkVrvbtJuApsV"}}, {"model": "orders.order", "pk": 314, "fields": {"design_request": 96, "client": 1, "price": "85604.55", "order_number": "68F8FDF508414B66AE1A2AE565D1347B", "date": "2021-05-26T12:53:13.694Z", "full_name": "Emanuel", "phone_number": "07774145721", "street_address1": "35", "street_address2": "35 Don Bosco Close", "town_or_city": "Oxford", "county": "Oxfordshire", "postcode": "OX4 2LD", "country": "GB", "stripe_pid": "pi_1IvMEIKgBHROkVrvlRqSB9aF"}}, {"model": "orders.order", "pk": 316, "fields": {"design_request": 97, "client": 1, "price": "145.50", "order_number": "4CA17F0B408F46469E07F5C288B4A819", "date": "2021-05-26T12:58:18.715Z", "full_name": "Emanuel", "phone_number": "07774145721", "street_address1": "35", "street_address2": "35 Don Bosco Close", "town_or_city": "Oxford", "county": "Oxfordshire", "postcode": "OX4 2LD", "country": "GB", "stripe_pid": "pi_1IvMJGKgBHROkVrvzpi41M6n"}}, {"model": "orders.order", "pk": 318, "fields": {"design_request": 98, "client": 1, "price": "0.38", "order_number": "54A8EDC61B2C467CB17FEF74FB8D8161", "date": "2021-05-26T13:30:48.604Z", "full_name": "Emanuel", "phone_number": "07774145721", "street_address1": "35", "street_address2": "35 Don Bosco Close", "town_or_city": "Oxford", "county": "Oxfordshire", "postcode": "OX4 2LD", "country": "GB", "stripe_pid": "pi_1IvMogKgBHROkVrvhDYtH7uy"}}, {"model": "orders.order", "pk": 328, "fields": {"design_request": 99, "client": 1, "price": "0.38", "order_number": "F517D9ADDB1B4F08B20AC74E059608D4", "date": "2021-05-26T14:45:09.482Z", "full_name": "Emanuel", "phone_number": "+32489163070", "street_address1": "GAINESTRAAT 2 i", "street_address2": null, "town_or_city": "HERNE", "county": "Entrer un choix ci-dessous ...", "postcode": "1540", "country": "BE", "stripe_pid": "pi_1IvNyYKgBHROkVrvPy6ZSFP7"}}, {"model": "orders.order", "pk": 333, "fields": {"design_request": 94, "client": 1, "price": "5575.12", "order_number": "0E48A6022A604F24B1A4C0744FE947E2", "date": "2021-05-26T14:53:05.824Z", "full_name": null, "phone_number": "07774145721", "street_address1": "35", "street_address2": "35 Don Bosco Close", "town_or_city": "Oxford", "county": "Oxfordshire", "postcode": "OX4 2LD", "country": "GB", "stripe_pid": "pi_1IvLKpKgBHROkVrvT2uOnJEl"}}, {"model": "orders.order", "pk": 334, "fields": {"design_request": 100, "client": 1, "price": "35.24", "order_number": "6681DF83DE5C47688A5C32A3F8C0B4EC", "date": "2021-05-26T14:53:32.947Z", "full_name": "Emanuel", "phone_number": "07774145721", "street_address1": "35", "street_address2": "35 Don Bosco Close", "town_or_city": "Oxford", "county": "Oxfordshire", "postcode": "OX4 2LD", "country": "GB", "stripe_pid": "pi_1IvO6jKgBHROkVrv86a0m3EE"}}, {"model": "orders.order", "pk": 335, "fields": {"design_request": 99, "client": 1, "price": "0.38", "order_number": "FE9BBFD0BE5B4D53BAAC86E53CE4D2B1", "date": "2021-05-26T14:53:34.670Z", "full_name": null, "phone_number": "07774145721", "street_address1": "35", "street_address2": "35 Don Bosco Close", "town_or_city": "Oxford", "county": "Oxfordshire", "postcode": "OX4 2LD", "country": "GB", "stripe_pid": "pi_1IvO6jKgBHROkVrv86a0m3EE"}}, {"model": "orders.order", "pk": 340, "fields": {"design_request": 103, "client": 1, "price": "25.35", "order_number": "9F819C6B9C1E4CFA9C474D8C2027D357", "date": "2021-05-26T15:28:15.987Z", "full_name": "Emanuel", "phone_number": "07774145721", "street_address1": "35", "street_address2": "35 Don Bosco Close", "town_or_city": "Oxford", "county": "Oxfordshire", "postcode": "OX4 2LD", "country": "GB", "stripe_pid": "pi_1IvOeIKgBHROkVrvbU0XA9rW"}}, {"model": "orders.order", "pk": 341, "fields": {"design_request": 102, "client": 1, "price": "2.84", "order_number": "F66C661A0EFC45F89C6BF9989BD6F799", "date": "2021-05-26T15:28:21.637Z", "full_name": null, "phone_number": "07774145721", "street_address1": "35", "street_address2": "35 Don Bosco Close", "town_or_city": "Oxford", "county": "Oxfordshire", "postcode": "OX4 2LD", "country": "GB", "stripe_pid": "pi_1IvOeIKgBHROkVrvbU0XA9rW"}}, {"model": "orders.order", "pk": 342, "fields": {"design_request": 103, "client": 1, "price": "25.35", "order_number": "4F98E194FAEE4CA4A19625DD944AA3E5", "date": "2021-05-26T15:40:56.748Z", "full_name": "Emanuel Teodor", "phone_number": "07774145721", "street_address1": "35", "street_address2": "35 Don Bosco Close", "town_or_city": "Oxford", "county": "Oxfordshire", "postcode": "OX4 2LD", "country": "GB", "stripe_pid": "pi_1IvOqPKgBHROkVrv5myvm1Xv"}}, {"model": "orders.order", "pk": 343, "fields": {"design_request": 104, "client": 1, "price": "21.79", "order_number": "689999954ADB447E9C8029710F82844B", "date": "2021-05-26T15:41:30.999Z", "full_name": "Emanuel Teodor", "phone_number": "07774145721", "street_address1": "35", "street_address2": "35 Don Bosco Close", "town_or_city": "Oxford", "county": "Oxfordshire", "postcode": "OX4 2LD", "country": "GB", "stripe_pid": "pi_1IvOqPKgBHROkVrv5myvm1Xv"}}, {"model": "orders.order", "pk": 344, "fields": {"design_request": 98, "client": 1, "price": "0.38", "order_number": "AB04A4E4034C47F494342FDD7DFAC7BC", "date": "2021-05-26T15:45:25.446Z", "full_name": "EmanuelBlaga", "phone_number": "+32489163070", "street_address1": "GAINESTRAAT 2 i", "street_address2": null, "town_or_city": "HERNE", "county": "Entrer un choix ci-dessous ...", "postcode": "1540", "country": "BE", "stripe_pid": "pi_1IvNyYKgBHROkVrvPy6ZSFP7"}}, {"model": "orders.order", "pk": 345, "fields": {"design_request": 96, "client": 1, "price": "85604.55", "order_number": "6D4D1922601C455FAFB24FACB795713F", "date": "2021-05-26T16:00:04.647Z", "full_name": "EmanuelTeodor", "phone_number": "07774145721", "street_address1": "35", "street_address2": "35 Don Bosco Close", "town_or_city": "Oxford", "county": "Oxfordshire", "postcode": "OX4 2LD", "country": "GB", "stripe_pid": "pi_1IvMJGKgBHROkVrvzpi41M6n"}}, {"model": "orders.order", "pk": 346, "fields": {"design_request": 105, "client": 1, "price": "35.96", "order_number": "2C2EC311A39640588DF5FAD7D87888A2", "date": "2021-05-26T16:02:52.387Z", "full_name": "Emanuel Teodor", "phone_number": "07774145721", "street_address1": "35", "street_address2": "35 Don Bosco Close", "town_or_city": "Oxford", "county": "Oxfordshire", "postcode": "OX4 2LD", "country": "GB", "stripe_pid": "pi_1IvPBZKgBHROkVrvox1oIrsy"}}, {"model": "orders.order", "pk": 347, "fields": {"design_request": 104, "client": 1, "price": "21.79", "order_number": "425C4D1270C242EBBD6F4AA7579DC6FF", "date": "2021-05-26T16:02:58.070Z", "full_name": "Emanuel Teodor", "phone_number": "07774145721", "street_address1": "35", "street_address2": "35 Don Bosco Close", "town_or_city": "Oxford", "county": "Oxfordshire", "postcode": "OX4 2LD", "country": "GB", "stripe_pid": "pi_1IvPBZKgBHROkVrvox1oIrsy"}}, {"model": "orders.order", "pk": 348, "fields": {"design_request": 105, "client": 1, "price": "35.96", "order_number": "7B23CF69FFFF40B1AD58BA9CE4348969", "date": "2021-05-26T16:06:32.585Z", "full_name": "Emanuel Teodor", "phone_number": "07774145721", "street_address1": "35", "street_address2": "35 Don Bosco Close", "town_or_city": "Oxford", "county": "Oxfordshire", "postcode": "OX4 2LD", "country": "GB", "stripe_pid": "pi_1IvPFGKgBHROkVrv4f5HYP7P"}}, {"model": "orders.order", "pk": 349, "fields": {"design_request": 107, "client": 1, "price": "49.98", "order_number": "97988BE5CAA5441EB2D80C4FB1059252", "date": "2021-05-26T16:12:17.322Z", "full_name": "Emanuel Teodor", "phone_number": "07774145721", "street_address1": "35", "street_address2": "35 Don Bosco Close", "town_or_city": "Oxford", "county": "Oxfordshire", "postcode": "OX4 2LD", "country": "GB", "stripe_pid": "pi_1IvPKoKgBHROkVrvfuOEETCq"}}, {"model": "orders.order", "pk": 350, "fields": {"design_request": 105, "client": 1, "price": "35.96", "order_number": "E15D75DBEEDA46E295A2A832AC777D7A", "date": "2021-05-26T16:12:17.982Z", "full_name": "Emanuel Teodor", "phone_number": "07774145721", "street_address1": "35", "street_address2": "35 Don Bosco Close", "town_or_city": "Oxford", "county": "Oxfordshire", "postcode": "OX4 2LD", "country": "GB", "stripe_pid": "pi_1IvPKoKgBHROkVrvfuOEETCq"}}, {"model": "orders.order", "pk": 351, "fields": {"design_request": 100, "client": 1, "price": "35.24", "order_number": "AF9FDA5EC5F749B3B61840DD0D2822E1", "date": "2021-05-26T16:20:57.910Z", "full_name": "EmanuelTeodor", "phone_number": "07774145721", "street_address1": "35", "street_address2": "35 Don Bosco Close", "town_or_city": "Oxford", "county": "Oxfordshire", "postcode": "OX4 2LD", "country": "GB", "stripe_pid": "pi_1IvOXYKgBHROkVrv1ynsNnBY"}}, {"model": "orders.order", "pk": 352, "fields": {"design_request": 101, "client": 1, "price": "15.15", "order_number": "113C70BF3DDF4B0D980CF05426167AA8", "date": "2021-05-26T16:26:55.055Z", "full_name": "EmanuelTeodor", "phone_number": "07774145721", "street_address1": "35", "street_address2": "35 Don Bosco Close", "town_or_city": "Oxford", "county": "Oxfordshire", "postcode": "OX4 2LD", "country": "GB", "stripe_pid": "pi_1IvObaKgBHROkVrvo8tJ9zy7"}}, {"model": "orders.order", "pk": 353, "fields": {"design_request": 102, "client": 1, "price": "2.84", "order_number": "C4794E601E494A318FAC669A8330115F", "date": "2021-05-26T16:27:33.582Z", "full_name": "EmanuelTeodor", "phone_number": "07774145721", "street_address1": "35", "street_address2": "35 Don Bosco Close", "town_or_city": "Oxford", "county": "Oxfordshire", "postcode": "OX4 2LD", "country": "GB", "stripe_pid": "pi_1IvOeIKgBHROkVrvbU0XA9rW"}}, {"model": "orders.order", "pk": 354, "fields": {"design_request": 97, "client": 1, "price": "145.50", "order_number": "CDDC4A72EF3846F5B89B1D399C8F4044", "date": "2021-05-26T16:31:24.129Z", "full_name": "EmanuelTeodor", "phone_number": "07774145721", "street_address1": "35", "street_address2": "35 Don Bosco Close", "town_or_city": "Oxford", "county": "Oxfordshire", "postcode": "OX4 2LD", "country": "GB", "stripe_pid": "pi_1IvMogKgBHROkVrvhDYtH7uy"}}, {"model": "orders.order", "pk": 355, "fields": {"design_request": 108, "client": 1, "price": "32299.05", "order_number": "252FEB2F07B7436FBD1417E9B23B4496", "date": "2021-05-26T16:44:34.289Z", "full_name": "Emanuel Teodor", "phone_number": "07774145721", "street_address1": "35", "street_address2": "35 Don Bosco Close", "town_or_city": "Oxford", "county": "Oxfordshire", "postcode": "OX4 2LD", "country": "GB", "stripe_pid": "pi_1IvPkmKgBHROkVrvtMFIQUXo"}}, {"model": "orders.order", "pk": 356, "fields": {"design_request": 107, "client": 1, "price": "49.98", "order_number": "97EC730545F44D68818EAD1E2DC0B8AB", "date": "2021-05-26T16:44:35.075Z", "full_name": "Emanuel Teodor", "phone_number": "07774145721", "street_address1": "35", "street_address2": "35 Don Bosco Close", "town_or_city": "Oxford", "county": "Oxfordshire", "postcode": "OX4 2LD", "country": "GB", "stripe_pid": "pi_1IvPkmKgBHROkVrvtMFIQUXo"}}, {"model": "orders.order", "pk": 357, "fields": {"design_request": 99, "client": 1, "price": "0.38", "order_number": "AD6EA7436BBD4FA5BB277FF6CACE1B5C", "date": "2021-05-26T17:52:23.384Z", "full_name": "EmanuelTeodor", "phone_number": "07774145721", "street_address1": "35", "street_address2": "35 Don Bosco Close", "town_or_city": "Oxford", "county": "Oxfordshire", "postcode": "OX4 2LD", "country": "GB", "stripe_pid": "pi_1IvO6jKgBHROkVrv86a0m3EE"}}, {"model": "orders.order", "pk": 358, "fields": {"design_request": 109, "client": 1, "price": "21.38", "order_number": "191B201518E445A584758FE10159E704", "date": "2021-05-26T21:11:44.397Z", "full_name": "Emanuel Teodor", "phone_number": "07774145721", "street_address1": "35", "street_address2": "35 Don Bosco Close", "town_or_city": "Oxford", "county": "Oxfordshire", "postcode": "OX4 2LD", "country": "GB", "stripe_pid": "pi_1IvU0eKgBHROkVrvwTmFSENA"}}, {"model": "orders.order", "pk": 359, "fields": {"design_request": 108, "client": 1, "price": "32299.05", "order_number": "1CEE575929F0471CA7BF5764FEF1488D", "date": "2021-05-26T21:15:19.063Z", "full_name": "Emanuel Teodor", "phone_number": "07774145721", "street_address1": "35", "street_address2": "35 Don Bosco Close", "town_or_city": "Oxford", "county": "Oxfordshire", "postcode": "OX4 2LD", "country": "GB", "stripe_pid": "pi_1IvU0eKgBHROkVrvwTmFSENA"}}, {"model": "orders.order", "pk": 360, "fields": {"design_request": 110, "client": 1, "price": "749.22", "order_number": "96E5522ADEAC42898B2604A61442DE8A", "date": "2021-05-26T21:23:48.398Z", "full_name": "Emanuel Teodor", "phone_number": "07774145721", "street_address1": "35", "street_address2": "35 Don Bosco Close", "town_or_city": "Oxford", "county": "Oxfordshire", "postcode": "OX4 2LD", "country": "GB", "stripe_pid": "pi_1IvUCIKgBHROkVrvONfxBsNm"}}, {"model": "orders.order", "pk": 361, "fields": {"design_request": 109, "client": 1, "price": "21.38", "order_number": "0A6B8B8C9F0C47BAAE0E597BF26696D4", "date": "2021-05-26T21:23:49.309Z", "full_name": "Emanuel Teodor", "phone_number": "07774145721", "street_address1": "35", "street_address2": "35 Don Bosco Close", "town_or_city": "Oxford", "county": "Oxfordshire", "postcode": "OX4 2LD", "country": "GB", "stripe_pid": "pi_1IvUCIKgBHROkVrvONfxBsNm"}}, {"model": "orders.order", "pk": 362, "fields": {"design_request": 111, "client": 1, "price": "258.96", "order_number": "B78CE0000EE14D7293C063A440C98B6C", "date": "2021-05-26T21:30:04.842Z", "full_name": "Emanuel Teodor", "phone_number": "07774145721", "street_address1": "35", "street_address2": "35 Don Bosco Close", "town_or_city": "Oxford", "county": "Oxfordshire", "postcode": "OX4 2LD", "country": "GB", "stripe_pid": "pi_1IvUITKgBHROkVrvkEdnUym6"}}, {"model": "orders.order", "pk": 363, "fields": {"design_request": 112, "client": 1, "price": "546.10", "order_number": "9512BC684E244016856992AF86B4538A", "date": "2021-05-26T21:46:49.116Z", "full_name": "Emanuel Teodor", "phone_number": "07774145721", "street_address1": "35", "street_address2": "35 Don Bosco Close", "town_or_city": "Oxford", "county": "Oxfordshire", "postcode": "OX4 2LD", "country": "GB", "stripe_pid": "pi_1IvUYgKgBHROkVrvZYaeewY2"}}, {"model": "orders.order", "pk": 364, "fields": {"design_request": 82, "client": 2, "price": "0.35", "order_number": "BF032F43CF124A23972A310DB26ACC7D", "date": "2021-05-27T13:04:25.798Z", "full_name": "test name", "phone_number": "6151515151", "street_address1": "anywhere", "street_address2": "anywhere", "town_or_city": "anywhere", "county": "anywhere", "postcode": "anywhere", "country": "GB", "stripe_pid": "pi_1IvisQKgBHROkVrvclnpo8Jl"}}, {"model": "profiles.client", "pk": 1, "fields": {"user": 1, "default_full_name": "Emanuel Teodor", "default_phone_number": "07774145721", "default_street_address1": "35", "default_street_address2": "35 Don Bosco Close", "default_town_or_city": "Oxford", "default_county": "Oxfordshire", "default_postcode": "OX4 2LD", "default_country": "GB"}}, {"model": "profiles.client", "pk": 2, "fields": {"user": 2, "default_full_name": "test name", "default_phone_number": "6151515151", "default_street_address1": "anywhere", "default_street_address2": "anywhere", "default_town_or_city": "anywhere", "default_county": "anywhere", "default_postcode": "anywhere", "default_country": "GB"}}]